{
    "rmse": 0.7016045119021953,
    "mae": 0.5607379035635288,
    "r2": 0.26786128208744764
}